[{"line":1,"elements":[{"start_timestamp":"2024-05-28T19:35:48.362Z","before":[{"result":{"duration":32538815600,"status":"passed"},"match":{"location":"stepDefinition.CoreProduct.setUp()"}}],"line":3,"name":"Fetch all Jackets price and type","description":"","id":"core-product-cases;fetch-all-jackets-price-and-type","after":[{"result":{"duration":706737600,"status":"passed"},"match":{"location":"stepDefinition.CoreProduct.tearDown()"}}],"type":"scenario","keyword":"Scenario","steps":[{"result":{"duration":469648900,"status":"passed"},"line":4,"name":"User navigates to home page","match":{"location":"stepDefinition.CoreProduct.nba_home_page()"},"keyword":"Given "},{"result":{"duration":222314800,"status":"passed"},"line":5,"name":"User navigates to Men's section","match":{"location":"stepDefinition.CoreProduct.mens_section_page()"},"keyword":"When "},{"result":{"duration":49621641200,"status":"passed"},"line":6,"name":"User should be able to see Jackets for men","match":{"location":"stepDefinition.CoreProduct.jacket_section()"},"keyword":"Then "}]},{"start_timestamp":"2024-05-28T19:35:48.364Z","before":[{"result":{"duration":31689278500,"status":"passed"},"match":{"location":"stepDefinition.CoreProduct.setUp()"}}],"line":10,"name":"Count total number of Videos Feeds","description":"","id":"core-product-cases;count-total-number-of-videos-feeds","after":[{"result":{"duration":471571900,"status":"passed"},"match":{"location":"stepDefinition.CoreProduct.tearDown()"}}],"type":"scenario","keyword":"Scenario","steps":[{"result":{"duration":732434800,"status":"passed"},"line":11,"name":"User navigates to News & Features","match":{"location":"stepDefinition.CoreProduct.navigateNewsAndFeature()"},"keyword":"Given "},{"result":{"duration":26878600,"status":"passed"},"line":12,"name":"User navigates to Videos section","match":{"location":"stepDefinition.CoreProduct.navigateToVideos()"},"keyword":"When "},{"result":{"duration":29591700,"status":"passed"},"line":13,"name":"User needs to fetch video count","match":{"location":"stepDefinition.CoreProduct.countVideos3D()"},"keyword":"Then "}]}],"name":"Core Product Cases","description":"","id":"core-product-cases","keyword":"Feature","uri":"file:src/test/resources/features/CoreProduct.feature","tags":[]}]